{
  "AP_all@500": 0.29355824915260814,
  "AP50@500": 0.486864683857527,
  "AP75@500": 0.29694622731449916,
  "AP_small@500": 0.21067708004613087,
  "AP_medium@500": 0.39366345284574006,
  "AP_large@500": 0.4726223887442323,
  "AR@1": 0.11572572526852921,
  "AR@10": 0.3413672243169693,
  "AR@100": 0.4762108257793792,
  "AR@500": 0.48163761559153473,
  "AR_small@500": 0.40658340532879117,
  "AR_medium@500": 0.5857372131526062,
  "AR_large@500": 0.6647721715888799
}