{
  "AP_all@500": 0.3980845687272495,
  "AP50@500": 0.6278799068750617,
  "AP75@500": 0.42184722618901727,
  "AP_small@500": 0.32364855451548824,
  "AP_medium@500": 0.5024012822313811,
  "AP_large@500": 0.6240940796798624,
  "AR@1": 0.141641461535836,
  "AR@10": 0.42268229748978614,
  "AR@100": 0.5682256878204589,
  "AR@500": 0.5715475830482647,
  "AR_small@500": 0.5113992548078222,
  "AR_medium@500": 0.6603670038916755,
  "AR_large@500": 0.7954996592170172
}