{
  "AP_all@500": 0.38666453376543164,
  "AP50@500": 0.6115509201130864,
  "AP75@500": 0.40895946510673115,
  "AP_small@500": 0.30357134304718164,
  "AP_medium@500": 0.5010718821929885,
  "AP_large@500": 0.5979711843001727,
  "AR@1": 0.1420725455797957,
  "AR@10": 0.4154406396078684,
  "AR@100": 0.5566874596582655,
  "AR@500": 0.560438162459736,
  "AR_small@500": 0.4893199774786997,
  "AR_medium@500": 0.6611444085756711,
  "AR_large@500": 0.7695067623154773
}