{
  "AP_all@500": 0.27357591926352864,
  "AP50@500": 0.4533667149379342,
  "AP75@500": 0.2769212660501471,
  "AP_small@500": 0.18091257604179894,
  "AP_medium@500": 0.3894939159276012,
  "AP_large@500": 0.5101320005595081,
  "AR@1": 0.10995018113295624,
  "AR@10": 0.32503395065397006,
  "AR@100": 0.4574445666364076,
  "AR@500": 0.4628652655956036,
  "AR_small@500": 0.3744534163331678,
  "AR_medium@500": 0.5833437137863314,
  "AR_large@500": 0.7341633358430816
}