{
  "AP_all@500": 0.2490574066598529,
  "AP50@500": 0.41473284278636996,
  "AP75@500": 0.2524173996243467,
  "AP_small@500": 0.1620854974822994,
  "AP_medium@500": 0.350530289066545,
  "AP_large@500": 0.4531085137600091,
  "AR@1": 0.10335749159220438,
  "AR@10": 0.3059725244813606,
  "AR@100": 0.441089465387507,
  "AR@500": 0.44822936904589383,
  "AR_small@500": 0.3646451139285942,
  "AR_medium@500": 0.5664473075711827,
  "AR_large@500": 0.6395198371438249
}