{
  "AP_all@500": 0.37982811079249557,
  "AP50@500": 0.6031788585964376,
  "AP75@500": 0.3958472281264173,
  "AP_small@500": 0.29572050355153395,
  "AP_medium@500": 0.49352615542184025,
  "AP_large@500": 0.6065233501776032,
  "AR@1": 0.14119461186857818,
  "AR@10": 0.4097485536114652,
  "AR@100": 0.5559163048594363,
  "AR@500": 0.559644016545047,
  "AR_small@500": 0.4899791726952774,
  "AR_medium@500": 0.6607848546032159,
  "AR_large@500": 0.7570587288477988
}