{
  "AP_all@500": 0.39686644411039673,
  "AP50@500": 0.6228496349588706,
  "AP75@500": 0.42291239989121643,
  "AP_small@500": 0.3181549417750171,
  "AP_medium@500": 0.5051129580991014,
  "AP_large@500": 0.6303496522460065,
  "AR@1": 0.14380476425423983,
  "AR@10": 0.4267557626633198,
  "AR@100": 0.5688152836035657,
  "AR@500": 0.5730364062739688,
  "AR_small@500": 0.5108090680039349,
  "AR_medium@500": 0.6629060692076826,
  "AR_large@500": 0.7639444162878674
}