{
  "AP_all@500": 0.3242889742931014,
  "AP50@500": 0.5299039397808365,
  "AP75@500": 0.33474380703612383,
  "AP_small@500": 0.24145991279333232,
  "AP_medium@500": 0.433122981395387,
  "AP_large@500": 0.5251086345536574,
  "AR@1": 0.12225657779847456,
  "AR@10": 0.3637315733306916,
  "AR@100": 0.4998781532043119,
  "AR@500": 0.5058039619094273,
  "AR_small@500": 0.4291357886382455,
  "AR_medium@500": 0.6100652248200459,
  "AR_large@500": 0.7096224941639302
}