{
  "AP_all@500": 0.3367815119513383,
  "AP50@500": 0.5488975646064811,
  "AP75@500": 0.34784654576881585,
  "AP_small@500": 0.25683997908604117,
  "AP_medium@500": 0.44181993594003366,
  "AP_large@500": 0.5050476135344086,
  "AR@1": 0.12618991950382502,
  "AR@10": 0.3717329537431365,
  "AR@100": 0.5098840785695947,
  "AR@500": 0.5145682591918668,
  "AR_small@500": 0.4451230845292702,
  "AR_medium@500": 0.6082261941622504,
  "AR_large@500": 0.71895176630578
}