{
  "AP_all@500": 0.3353665691986734,
  "AP50@500": 0.543840745963554,
  "AP75@500": 0.34614131286547023,
  "AP_small@500": 0.25224677137851453,
  "AP_medium@500": 0.4479751938383582,
  "AP_large@500": 0.5288727132680268,
  "AR@1": 0.1289829220524113,
  "AR@10": 0.37735144405215537,
  "AR@100": 0.5156085621460711,
  "AR@500": 0.519558907487903,
  "AR_small@500": 0.44064200925493546,
  "AR_medium@500": 0.6342072221142885,
  "AR_large@500": 0.7293127293060787
}