{
  "mAP_50_95": 0.12974176633622364,
  "mAP_50": 0.18850632616834287,
  "mAP_75": 0.14190736736832632,
  "mAP_small": 0.0665847683980157,
  "mAP_medium": 0.19634382261428968,
  "mAP_large": 0.3839618006739811,
  "AR_1": 0.05887194229551716,
  "AR_10": 0.13894487412320522,
  "AR_100": 0.1715467340707416,
  "AR_small": 0.09616936035067171,
  "AR_medium": 0.26464163686338893,
  "AR_large": 0.4324429781773793
}